{
  "Name": "adslr router default password",
  "Description": "Adslr router has a default password problem. Attackers can log in through admin:admin, check the system status, and configure the device.",
  "Product": "adslr-Router",
  "Homepage": "http://www.adslr.com/",
  "DisclosureDate": "2020-04-20",
  "Author": "itardc@163.com",
  "FofaQuery": "app=\"adslr-Router\"",
  "Level": "2",
  "Impact": "Attackers can log in through admin:admin, check the system status, and configure the device.",
  "Recommendation": "Modify the default password of the device.",
  "References": [
    "http://fofa.so"
  ],
  "HasExp": false,
  "ExpParams": null,
  "ExpTips": {
    "Type": "",
    "Content": ""
  },
  "ScanSteps": [
    "AND",
    {
      "Request": {
        "data": "username=admin&password=admin&selectLanguage=CH&LANGUAGE=&OKBTN=%E7%99%BB%E5%BD%95",
        "data_type": "text",
        "invalid_response": true,
        "follow_redirect": true,
        "header": {
          "Content-Type": "application/x-www-form-urlencoded",
          "Accept-Encoding": "gzip",
          "Content-Length": "82"
        },
        "method": "POST",
        "uri": "/login.cgi"
      },
      "ResponseTest": {
        "checks": [
          {
            "bz": "",
            "operation": "contains",
            "type": "item",
            "value": "200",
            "variable": "$body"
          },
          {
            "bz": "",
            "operation": "contains",
            "type": "item",
            "value": "static_dhcp.cgi",
            "variable": "$body"
          },
          {
            "bz": "",
            "operation": "contains",
            "type": "item",
            "value": "wizard.cgi",
            "variable": "$body"
          },
          {
            "bz": "",
            "operation": "contains",
            "type": "item",
            "value": "certifistart.cgi",
            "variable": "$body"
          }
        ],
        "operation": "AND",
        "type": "group"
      },
      "SetVariable": [
        "keymemo|lastbody|variable|admin:admin",
        "vulurl|lastbody|variable|{{{scheme}}}://admin:admin@{{{hostinfo}}}/login.cgi"
      ]
    }
  ],
  "ExploitSteps": null,
  "Tags": ["defaultaccount"],
  "CVEIDs": null,
  "CVSSScore": null,
  "AttackSurfaces": {
    "Application": null,
    "Support": null,
    "Service": null,
    "System": null,
    "Hardware": ["adslr-Router"]
  },
  "Disable": false
}