{
  "Name": "Huawei home gateway HG659 fileread",
  "Description": "Huawei home gateway HG659 fileread",
  "Product": "Huawei",
  "Homepage": "https://support.huawei.com/enterprise/en/access-network",
  "DisclosureDate": "2021-06-16",
  "Author": "Print1n",
  "GobyQuery": "body=\"HUAWEI Home Gateway\"",
  "Level": "1",
  "Impact": "<p>File read</p>",
  "Recommendation": "",
  "References": [
    "https://poc.shuziguanxing.com/#/publicIssueInfo#issueId=4210"
  ],
  "HasExp": true,
  "ExpParams": [
    {
      "name": "file",
      "type": "input",
      "value": "//etc//passwd"
    }
  ],
  "ScanSteps": [
    "AND"
  ],
  "ExploitSteps": null,
  "Tags": [
    "File read"
  ],
  "CVEIDs": null,
  "CVSSScore": "0.0",
  "AttackSurfaces": {
    "Application": null,
    "Support": null,
    "Service": null,
    "System": null,
    "Hardware": [
      "Huawei"
    ]
  },
  "Recommendation": "<p>undefined</p>"
}